Id,TTTTC,CACCT,TATGG,GCATT,TGTCC,Class
AB023804.HIV-1.M,0.5454545454545454,0.5384615384615385,0.3846153846153848,0.8333333333333333,0.0,HIV-1.M
AB097870.HIV-1.M,0.6363636363636364,0.38461538461538464,0.3846153846153848,0.8333333333333333,0.0,HIV-1.M
AB231893.HIV-1.M,0.6363636363636364,0.30769230769230776,0.3076923076923077,0.75,0.125,HIV-1.M
AB254156.HIV-1.M,0.6363636363636364,0.4615384615384615,0.4615384615384617,0.9166666666666667,0.125,HIV-1.M
AB485641.HIV-1.M,0.7272727272727273,0.23076923076923078,0.15384615384615397,0.9166666666666667,0.0,HIV-1.M
AB485648.HIV-1.M,0.5454545454545454,0.23076923076923078,0.07692307692307698,0.6666666666666667,0.0,HIV-1.M
AB485650.HIV-1.M,0.5454545454545454,0.5384615384615385,0.15384615384615397,0.75,0.0,HIV-1.M
AB485656.HIV-1.M,0.6363636363636364,0.38461538461538464,0.07692307692307698,0.6666666666666667,0.125,HIV-1.M
AB485662.HIV-1.M,0.9090909090909092,0.5384615384615385,0.4615384615384617,0.75,0.0,HIV-1.M
AF005496.HIV-1.M,0.8181818181818182,0.4615384615384615,0.3846153846153848,0.9166666666666667,0.125,HIV-1.M
AF082394.HIV-1.M,0.8181818181818182,0.38461538461538464,0.15384615384615397,0.75,0.0,HIV-1.M
AF082395.HIV-1.M,1.0,0.30769230769230776,0.23076923076923084,1.0,0.0,HIV-1.M
AF110962.HIV-1.M,0.2727272727272727,0.4615384615384615,0.23076923076923084,0.8333333333333333,0.125,HIV-1.M
AF190127.HIV-1.M,0.5454545454545454,0.6153846153846154,0.23076923076923084,0.9166666666666667,0.0,HIV-1.M
AF286237.HIV-1.M,0.5454545454545454,0.4615384615384615,0.15384615384615397,0.49999999999999994,0.125,HIV-1.M
AF286238.HIV-1.M,0.7272727272727273,0.4615384615384615,0.07692307692307698,0.6666666666666667,0.125,HIV-1.M
AF377956.HIV-1.M,0.5454545454545454,0.4615384615384615,0.07692307692307698,0.5833333333333333,0.375,HIV-1.M
AF457090.HIV-1.M,0.7272727272727273,0.30769230769230776,0.15384615384615397,0.4166666666666667,0.0,HIV-1.M
AJ249235.HIV-1.M,0.8181818181818182,0.38461538461538464,0.3076923076923077,0.8333333333333333,0.125,HIV-1.M
AJ249239.HIV-1.M,0.7272727272727273,0.30769230769230776,0.23076923076923084,0.75,0.25,HIV-1.M
AY371121.HIV-1.M,0.7272727272727273,0.23076923076923078,0.3846153846153848,0.6666666666666667,0.125,HIV-1.M
AY371158.HIV-1.M,0.7272727272727273,0.23076923076923078,0.15384615384615397,0.4166666666666667,0.25,HIV-1.M
AY521629.HIV-1.M,0.7272727272727273,0.6153846153846154,0.23076923076923084,0.75,0.125,HIV-1.M
FJ711703.HIV-1.M,0.7272727272727273,0.38461538461538464,0.3076923076923077,0.8333333333333333,0.0,HIV-1.M
FJ900266.HIV-1.M,0.6363636363636364,0.4615384615384615,0.07692307692307698,0.49999999999999994,0.25,HIV-1.M
GU201516.HIV-1.M,0.7272727272727273,0.38461538461538464,0.23076923076923084,0.6666666666666667,0.25,HIV-1.M
GU237072.HIV-1.M,0.8181818181818182,0.6153846153846154,0.0,0.75,0.0,HIV-1.M
JF683771.HIV-1.M,0.36363636363636365,0.38461538461538464,0.15384615384615397,0.49999999999999994,0.0,HIV-1.M
JQ403028.HIV-1.M,0.7272727272727273,0.5384615384615385,0.23076923076923084,0.5833333333333333,0.0,HIV-1.M
JX140673.HIV-1.M,0.8181818181818182,0.30769230769230776,0.23076923076923084,0.75,0.25,HIV-1.M
K03455.HIV-1.M,1.0,0.4615384615384615,0.07692307692307698,0.75,0.0,HIV-1.M
KF716475.HIV-1.M,0.6363636363636364,0.6153846153846154,0.3846153846153848,0.5833333333333333,0.0,HIV-1.M
AJ006022.HIV-1.N,0.7272727272727273,0.07692307692307693,0.5384615384615385,0.16666666666666669,0.25,HIV-1.N
AJ271370.HIV-1.N,0.7272727272727273,0.15384615384615385,0.4615384615384617,0.16666666666666669,0.375,HIV-1.N
AY532635.HIV-1.N,0.5454545454545454,0.07692307692307693,0.3076923076923077,0.08333333333333331,0.375,HIV-1.N
DQ017382.HIV-1.N,0.6363636363636364,0.07692307692307693,0.5384615384615385,0.24999999999999994,0.25,HIV-1.N
DQ017383.HIV-1.N,0.6363636363636364,0.15384615384615385,0.4615384615384617,0.16666666666666669,0.25,HIV-1.N
GQ324958.HIV-1.N,0.6363636363636364,0.15384615384615385,0.5384615384615385,0.24999999999999994,0.375,HIV-1.N
GQ324959.HIV-1.N,0.7272727272727273,0.0,0.3846153846153848,0.08333333333333331,0.375,HIV-1.N
GQ324962.HIV-1.N,0.7272727272727273,0.23076923076923078,0.5384615384615385,0.16666666666666669,0.25,HIV-1.N
JN572926.HIV-1.N,0.8181818181818182,0.23076923076923078,0.4615384615384617,0.16666666666666669,0.5,HIV-1.N
KY498771.HIV-1.N,0.6363636363636364,0.15384615384615385,0.5384615384615385,0.08333333333333331,0.375,HIV-1.N
MF767262.HIV-1.N,0.7272727272727273,0.30769230769230776,0.4615384615384617,0.24999999999999994,0.375,HIV-1.N
AB485666.HIV-1.O,0.09090909090909091,0.4615384615384615,1.0000000000000002,0.16666666666666669,1.0,HIV-1.O
AB485667.HIV-1.O,0.09090909090909091,0.38461538461538464,1.0000000000000002,0.24999999999999994,0.875,HIV-1.O
AY169804.HIV-1.O,0.0,0.6923076923076923,0.8461538461538463,0.3333333333333333,0.875,HIV-1.O
AY169805.HIV-1.O,0.09090909090909091,0.4615384615384615,0.6923076923076923,0.16666666666666669,0.75,HIV-1.O
AY169806.HIV-1.O,0.36363636363636365,0.5384615384615385,0.7692307692307694,0.4166666666666667,0.625,HIV-1.O
AY169807.HIV-1.O,0.09090909090909091,0.4615384615384615,0.7692307692307694,0.24999999999999994,0.75,HIV-1.O
AY169808.HIV-1.O,0.09090909090909091,0.5384615384615385,1.0000000000000002,0.3333333333333333,0.5,HIV-1.O
AY169809.HIV-1.O,0.09090909090909091,0.4615384615384615,0.5384615384615385,0.24999999999999994,0.5,HIV-1.O
AY169810.HIV-1.O,0.09090909090909091,0.6153846153846154,0.6153846153846154,0.5833333333333333,0.5,HIV-1.O
AY169811.HIV-1.O,0.18181818181818182,0.5384615384615385,0.6923076923076923,0.16666666666666669,0.75,HIV-1.O
KF859742.HIV-1.O,0.2727272727272727,0.38461538461538464,0.5384615384615385,0.3333333333333333,0.75,HIV-1.O
KF859743.HIV-1.O,0.18181818181818182,0.30769230769230776,0.6923076923076923,0.5833333333333333,0.5,HIV-1.O
KF859744.HIV-1.O,0.09090909090909091,0.5384615384615385,0.6153846153846154,0.16666666666666669,0.5,HIV-1.O
KU168281.HIV-1.O,0.0,0.5384615384615385,1.0000000000000002,0.0,0.5,HIV-1.O
KU168282.HIV-1.O,0.2727272727272727,0.38461538461538464,0.9230769230769231,0.4166666666666667,0.75,HIV-1.O
KU168283.HIV-1.O,0.2727272727272727,0.38461538461538464,0.8461538461538463,0.24999999999999994,0.625,HIV-1.O
KU168284.HIV-1.O,0.09090909090909091,0.4615384615384615,0.7692307692307694,0.4166666666666667,1.0,HIV-1.O
KU168285.HIV-1.O,0.09090909090909091,0.6923076923076923,0.8461538461538463,0.24999999999999994,0.625,HIV-1.O
KU168286.HIV-1.O,0.09090909090909091,0.38461538461538464,0.8461538461538463,0.3333333333333333,0.625,HIV-1.O
KU168292.HIV-1.O,0.0,0.6923076923076923,0.6153846153846154,0.3333333333333333,0.625,HIV-1.O
KU168293.HIV-1.O,0.18181818181818182,0.38461538461538464,0.6153846153846154,0.49999999999999994,0.5,HIV-1.O
KU168294.HIV-1.O,0.09090909090909091,0.4615384615384615,0.9230769230769231,0.3333333333333333,0.75,HIV-1.O
KU168295.HIV-1.O,0.0,0.5384615384615385,0.7692307692307694,0.16666666666666669,0.75,HIV-1.O
KU168296.HIV-1.O,0.18181818181818182,0.5384615384615385,0.6923076923076923,0.16666666666666669,0.625,HIV-1.O
KU168297.HIV-1.O,0.09090909090909091,0.38461538461538464,0.9230769230769231,0.16666666666666669,0.625,HIV-1.O
KU168298.HIV-1.O,0.09090909090909091,0.38461538461538464,0.6153846153846154,0.49999999999999994,0.75,HIV-1.O
KX228804.HIV-1.O,0.18181818181818182,0.30769230769230776,0.7692307692307694,0.5833333333333333,0.5,HIV-1.O
KY112585.HIV-1.O,0.09090909090909091,0.38461538461538464,0.6153846153846154,0.49999999999999994,0.75,HIV-1.O
KY953205.HIV-1.O,0.09090909090909091,0.38461538461538464,0.6153846153846154,0.49999999999999994,0.75,HIV-1.O
KY953206.HIV-1.O,0.09090909090909091,0.38461538461538464,0.8461538461538463,0.16666666666666669,0.625,HIV-1.O
L20587.HIV-1.O,0.18181818181818182,0.6923076923076923,0.9230769230769231,0.3333333333333333,0.625,HIV-1.O
MH705149.HIV-1.O,0.09090909090909091,0.23076923076923078,0.9230769230769231,0.16666666666666669,0.625,HIV-1.O
GQ328744.HIV-1.P,0.4545454545454546,0.8461538461538463,0.6153846153846154,0.08333333333333331,0.125,HIV-1.P
GU111555.HIV-1.P,0.4545454545454546,1.0,0.7692307692307694,0.24999999999999994,0.25,HIV-1.P
HQ179987.HIV-1.P,0.36363636363636365,1.0,0.7692307692307694,0.08333333333333331,0.25,HIV-1.P
JA446000.HIV-1.P,0.36363636363636365,1.0,0.7692307692307694,0.08333333333333331,0.25,HIV-1.P
KY953207.HIV-1.P,0.4545454545454546,1.0,0.7692307692307694,0.3333333333333333,0.25,HIV-1.P
